dmsTimestamp,customer_id,first_name,last_name,email,address,dob
2022-06-24 18:53:24.410464,1,Breanna,Bowman,qmarsh@example.com,USNS Serrano FPO AP 64062,1980-05-27
2022-06-24 18:53:24.410487,2,Monique,Willis,karenspencer@example.com,"52232 Brian Loop Port Rebecca, NE 81641",2005-04-25
2022-06-24 18:53:24.410495,3,Taylor,Jones,logan92@example.org,"69410 Jody Cove Collinsville, IN 29601",1980-01-29
2022-06-24 18:53:24.410501,4,Bryan,Scott,kylewilliams@example.com,"995 Miller Pike Suite 862 West Jessechester, HI 66100",1988-12-23
2022-06-24 18:53:24.410508,5,Ashley,Graham,munozmark@example.org,"221 Steven Brooks North Tammyhaven, OR 67323",1995-04-19
2022-06-24 18:53:24.410514,6,Edward,Perez,astrong@example.net,"40167 Melody Loop Suite 377 West Charlesport, MS 64891",2000-01-25
2022-06-24 18:53:24.410520,7,Taylor,Knox,paulgonzales@example.com,"85329 Porter Flats Wolfemouth, WY 81140",1964-03-24
2022-06-24 18:53:24.410526,8,Willie,Sanders,rnguyen@example.net,"78503 Kenneth Lakes Apt. 274 West Cassandra, OK 86973",1993-09-04
2022-06-24 18:53:24.410532,9,Jasmine,Alexander,klevine@example.org,"772 Michael Harbor North Jenniferborough, LA 28154",1995-04-01
2022-06-24 18:53:24.410539,10,Mary,Mahoney,dawn62@example.net,"1759 Anne Dam Stephensside, SC 93725",1976-01-01
2022-06-24 18:53:24.410545,11,Andrew,Parks,karenmcdaniel@example.org,"3800 Lee Stream New Haleyview, NE 58824",2001-09-16
2022-06-24 18:53:24.410550,12,Carol,Delgado,evanschristopher@example.net,"40637 Mccormick Lodge Apt. 012 West Ralph, WV 15845",1966-05-05
2022-06-24 18:53:24.410557,13,Elizabeth,Dixon,brian94@example.org,"409 Knox Wall Calebmouth, IA 49812",1994-01-24
2022-06-24 18:53:24.410563,14,Rachel,Martinez,pcook@example.com,"86458 Tammy Flats Hernandezstad, MD 35967",1978-06-05
2022-06-24 18:53:24.410569,15,David,Haas,david04@example.com,"3239 Baldwin Stravenue Devinmouth, NM 50991",1988-08-22
2022-06-24 18:53:24.410575,16,Rebecca,Santos,michaelkim@example.com,"42621 Moody Lock Apt. 903 West Robertstad, CA 09583",1981-10-15
2022-06-24 18:53:24.410581,17,Haley,Pollard,davidcharles@example.com,"69516 Robert Port Jessicachester, DE 61678",1976-03-02
2022-06-24 18:53:24.410587,18,Kim,Smith,jason28@example.org,"579 Fox Ferry East Paul, ID 32414",1980-02-25
2022-06-24 18:53:24.410593,19,Kristin,Gonzalez,jenniferjones@example.org,"88318 Farley Pass Suite 707 Natashamouth, OR 53126",1962-03-15
2022-06-24 18:53:24.410599,20,Lauren,Goodwin,wilsonstuart@example.com,"87648 Jessica Lodge Apt. 008 East Joseph, AR 83515",1998-11-30
2022-06-24 18:53:24.410606,21,Jacqueline,May,phillip18@example.com,"619 Taylor Alley Suite 346 South Jaimefurt, TX 59946",1984-04-28
2022-06-24 18:53:24.410612,22,Carol,Jackson,adriangardner@example.com,"6924 Thompson Trace Apt. 716 Philipside, TX 66860",1966-06-03
2022-06-24 18:53:24.410618,23,Brandy,Brown,barnettashley@example.com,"840 Heather Freeway Apt. 501 South Dianaborough, SD 50182",1990-03-13
2022-06-24 18:53:24.410625,24,Linda,Evans,amber69@example.com,"605 Christopher Extensions Suite 098 Matthewshaven, NC 09972",1977-07-11
2022-06-24 18:53:24.410632,25,Stephen,Hughes,joshuagarcia@example.com,"540 Jacobs Plaza South Tina, IL 95633",1974-02-19
2022-06-24 18:53:24.410638,26,Sue,Gomez,nsmith@example.com,"9193 Joshua Roads Suite 527 Greenfurt, AZ 18022",1997-05-04
2022-06-24 18:53:24.410644,27,Brittany,Moore,vjohnson@example.org,"5197 Jason Stravenue Apt. 980 Justinfort, MD 32630",2005-05-24
2022-06-24 18:53:24.410650,28,Cheryl,Cantrell,vsmith@example.net,"041 Downs Oval Jonesfurt, NV 47884",2005-04-21
2022-06-24 18:53:24.410655,29,Richard,Ingram,abaker@example.org,"9717 Richard Highway Port Brent, GA 05265",1981-10-25
2022-06-24 18:53:24.410661,30,Anthony,Smith,sreeves@example.net,"071 Jeffrey Road Lake Maria, WI 02812",1983-07-14
2022-06-24 18:53:24.410667,31,Nancy,Jordan,robin69@example.net,USNV Jenkins FPO AP 98453,1983-12-31
2022-06-24 18:53:24.410671,32,Tyler,Young,garciabrent@example.net,"PSC 0748, Box 8180 APO AP 56580",1967-04-06
2022-06-24 18:53:24.410677,33,Michael,Davis,mark60@example.com,"136 Stein Common Port Dylan, HI 13710",1964-07-11
2022-06-24 18:53:24.410682,34,Thomas,Wallace,fbrown@example.org,"169 Danielle Ways Pittsstad, NH 72086",1975-04-13
2022-06-24 18:53:24.410688,35,Yvonne,Ruiz,irodriguez@example.net,Unit 6540 Box 5888 DPO AA 30569,1990-10-16
2022-06-24 18:53:24.410693,36,Jeffrey,Schultz,keithcain@example.org,"38334 Yvonne Summit East Kaitlintown, KS 06210",1973-09-14
2022-06-24 18:53:24.410699,37,Mario,Lee,patricia46@example.org,"482 Fisher Bypass Apt. 002 South Lindsey, IL 33507",1965-01-30
2022-06-24 18:53:24.410705,38,Troy,Butler,fergusoncarrie@example.com,Unit 6765 Box 8588 DPO AE 98279,1962-03-16
2022-06-24 18:53:24.410710,39,Gina,Barrett,williamsrichard@example.net,"43500 Philip Creek Suite 911 North Stephanieside, NJ 26114",1999-05-30
2022-06-24 18:53:24.410717,40,Peter,Harris,wlopez@example.net,"689 Rodriguez Camp West Hannah, WY 60884",1997-09-03
2022-06-24 18:53:24.410722,41,Tina,Gallagher,theresasmith@example.net,"140 Pamela Station Apt. 113 New Michelleland, NJ 18314",1980-03-12
2022-06-24 18:53:24.410729,42,Ronald,Smith,dustin83@example.org,"6071 John Glens North Melissashire, ND 20308",1970-06-17
2022-06-24 18:53:24.410735,43,Jennifer,Lewis,dave79@example.com,"1370 David Brook Apt. 543 Tanyaberg, IL 76759",1998-06-10
2022-06-24 18:53:24.410741,44,Gregory,Griffin,amydeleon@example.net,"571 Patrick Crest Port Kimberlystad, TX 06705",2003-10-25
2022-06-24 18:53:24.410747,45,Elizabeth,Pierce,jacksonangela@example.com,"75231 Jeffery Locks Norrischester, WV 82374",1965-06-27
2022-06-24 18:53:24.410753,46,Michelle,Bishop,fostermark@example.org,"11619 Lopez Squares Apt. 716 Jenniferfort, LA 94294",1995-07-08
2022-06-24 18:53:24.410759,47,Julie,Cobb,douglasjackson@example.com,"633 Mclaughlin Common Lake Ericafurt, HI 18253",1978-03-07
2022-06-24 18:53:24.410765,48,Thomas,Sandoval,gmurphy@example.org,"6664 Kimberly Prairie Apt. 059 Allisonborough, RI 10113",1962-04-04
2022-06-24 18:53:24.410772,49,James,Scott,jerry85@example.net,"1271 Kristie Throughway Suite 849 Townsendton, MS 43416",1972-06-08
2022-06-24 18:53:24.410778,50,Jacob,Nash,samantha30@example.net,"79914 Kelly Groves Suite 110 North Nicoleton, UT 29231",1969-11-04
2022-06-24 18:53:24.410784,51,Corey,Schultz,halljoshua@example.org,"7579 Perry Walks West Mariafort, WV 43060",2001-10-09
2022-06-24 18:53:24.410790,52,John,Sims,nancy17@example.com,"3032 Robert Walks Suite 647 Lake Waynefurt, SD 32417",1962-03-28
2022-06-24 18:53:24.410796,53,Nicole,Williams,coleamy@example.net,"714 Smith Mountain Bridgetborough, DC 47873",2005-03-10
2022-06-24 18:53:24.410802,54,Timothy,Hernandez,christina88@example.com,"11280 Williams Cliffs Suite 878 Luisstad, AZ 34035",1989-12-10
2022-06-24 18:53:24.410808,55,Molly,Marquez,christopher08@example.org,"7410 Castillo Rapids Apt. 076 Jessicaland, OK 90988",1990-08-17
2022-06-24 18:53:24.410815,56,Gilbert,Barrett,wagnerjohn@example.net,"8661 Cook Streets Apt. 742 South Danny, HI 30035",1981-03-30
2022-06-24 18:53:24.410821,57,Tammy,Stevens,william71@example.net,"8883 Lopez Shoals New Aaronstad, MN 07509",1991-11-16
2022-06-24 18:53:24.410827,58,Nicolas,Sheppard,lorimontoya@example.org,"24277 Jake Walks Larsenville, DC 03603",1975-03-16
2022-06-24 18:53:24.410832,59,Katrina,Cunningham,kingmisty@example.net,"565 Sawyer Creek Suite 170 Woodsfurt, GA 07517",1980-11-20
2022-06-24 18:53:24.410838,60,Norma,Vasquez,porterlindsay@example.net,"05473 Gonzalez Flat Apt. 173 Ronaldburgh, GA 95077",1961-12-11
2022-06-24 18:53:24.410845,61,Autumn,Johnson,jreynolds@example.com,"8548 Scott Parks Suite 561 New Cynthiashire, IN 26449",1981-09-05
2022-06-24 18:53:24.410851,62,Victoria,Mccarthy,millspatricia@example.com,"6739 Jackson Brook Singhville, ID 66331",1968-04-10
2022-06-24 18:53:24.410857,63,Michael,Dunn,laura56@example.com,"811 Elliott Wall Suite 328 Brittneyfort, MD 41203",1980-03-19
2022-06-24 18:53:24.410863,64,Donna,Rogers,nicolelee@example.org,"097 Karen Garden Suite 921 Jacobborough, NH 91280",1962-07-07
2022-06-24 18:53:24.410869,65,Robert,Mcneil,patriciapeterson@example.org,"34321 Mahoney Stravenue Karenhaven, OR 65651",1961-08-15
2022-06-24 18:53:24.410875,66,Jeffrey,Gilmore,harveysusan@example.org,"922 Joel Mill West Sara, NE 83973",1986-04-03
2022-06-24 18:53:24.410881,67,Matthew,Jones,calebpennington@example.net,"880 Duncan Islands Apt. 465 Scottfurt, HI 89368",1994-05-31
2022-06-24 18:53:24.410887,68,Troy,Drake,anthony46@example.net,"4583 Christopher Plains East Brian, MT 70770",1978-06-25
2022-06-24 18:53:24.410893,69,Sean,Campbell,shunt@example.net,"44123 Brown Lodge Apt. 144 Patriciabury, PA 59628",1993-08-01
2022-06-24 18:53:24.410899,70,Wesley,Neal,alicia04@example.net,USNV Donaldson FPO AA 67292,1998-05-19
2022-06-24 18:53:24.410903,71,Jose,Wise,jacksonricky@example.net,"311 Le Squares Smithmouth, KY 70946",1987-02-11
2022-06-24 18:53:24.410909,72,Arthur,Riley,tammy99@example.com,"186 Justin Falls East Robertmouth, IL 23156",1992-01-13
2022-06-24 18:53:24.410915,73,Tracy,Hendricks,william35@example.org,"82229 Mitchell Plain Suite 234 Jensenmouth, DC 40524",1966-12-28
2022-06-24 18:53:24.410921,74,Brenda,Lawrence,yberger@example.net,"6052 Burke Plaza Castilloport, MS 80262",1969-07-26
2022-06-24 18:53:24.410927,75,Jimmy,Perez,anthonysantiago@example.org,"PSC 6276, Box 0497 APO AA 78883",1984-06-06
2022-06-24 18:53:24.410932,76,Sean,Pineda,blake45@example.com,"PSC 3088, Box 6352 APO AE 22027",1985-10-10
2022-06-24 18:53:24.410938,77,Christie,Noble,paulascott@example.com,USCGC Vang FPO AP 66741,1998-11-21
2022-06-24 18:53:24.410942,78,Scott,Hatfield,torresjoshua@example.net,"2341 Jamie Point Lake Gabriela, DE 06011",1972-01-21
2022-06-24 18:53:24.410948,79,Emily,Ponce,jvaughn@example.net,"2129 David Tunnel Suite 909 Fordland, NE 40534",1993-07-08
2022-06-24 18:53:24.410954,80,Craig,Howe,alexanderjohnny@example.net,"361 Wendy Ports Garrisonstad, NM 79953",1999-01-23
2022-06-24 18:53:24.410960,81,Noah,Bryant,amylamb@example.net,"8059 Michael Courts Apt. 236 Myersland, AZ 20212",1996-03-02
2022-06-24 18:53:24.410966,82,Samantha,Howell,tcooper@example.org,Unit 4654 Box 3317 DPO AE 62818,1973-05-06
2022-06-24 18:53:24.410970,83,Samantha,Rodriguez,clarkalicia@example.net,"12755 Brooks Village New Jeremyport, MI 67006",1982-02-03
2022-06-24 18:53:24.410976,84,Charles,Hines,christine38@example.com,"13218 Martin Court Codyport, KS 44933",1971-03-18
2022-06-24 18:53:24.410982,85,Melinda,Lucas,adamsleroy@example.net,"46104 Everett Cliffs South Toddbury, IL 63502",1997-07-27
2022-06-24 18:53:24.410988,86,Stephen,Lewis,ibrown@example.net,USNV Turner FPO AP 56620,1973-01-11
2022-06-24 18:53:24.410992,87,Joseph,Wright,robertdelgado@example.com,"622 Andre Rue Suite 329 West Danielberg, NC 66729",1998-06-02
2022-06-24 18:53:24.410998,88,Edward,Dominguez,caleb43@example.net,"369 Travis Causeway Latoyaport, AL 53594",1970-06-30
2022-06-24 18:53:24.411004,89,Wendy,Koch,billy01@example.com,"79888 Gregory Groves New Henryport, CT 14464",1965-03-05
2022-06-24 18:53:24.411010,90,Greg,Warren,shawnchavez@example.org,"84720 Isaiah Manor Apt. 307 New Troybury, ME 25937",1973-01-22
2022-06-24 18:53:24.411016,91,Miguel,Tyler,wagnerjudy@example.com,"3151 Andrea Groves Brownfurt, IA 44145",1978-04-21
2022-06-24 18:53:24.411022,92,Kayla,Roberts,xbarr@example.net,"798 Donald Plains New Colton, NM 36772",1978-04-07
2022-06-24 18:53:24.411027,93,Laurie,Le,annettegiles@example.org,"2577 Aaron Bypass Suite 541 Malloryfurt, NJ 02653",2004-03-10
2022-06-24 18:53:24.411034,94,Ana,Campbell,vflores@example.org,"982 Patrick Ville Suite 164 North Adamburgh, HI 85690",2005-10-12
2022-06-24 18:53:24.411040,95,Jason,Williams,kiddrobert@example.com,"44786 Mccullough Gateway Kevinmouth, MN 86014",1993-11-29
2022-06-24 18:53:24.411046,96,Craig,Price,millercarol@example.com,"PSC 6365, Box 0497 APO AE 74040",1964-12-21
2022-06-24 18:53:24.411051,97,Taylor,Peck,natasha41@example.org,"315 Best Burgs Suite 622 Moralesville, MN 99002",1968-01-16
2022-06-24 18:53:24.411057,98,Charles,Lee,rallen@example.org,"562 Sawyer Coves Lake Emilyton, FL 60847",1993-11-25
2022-06-24 18:53:24.411063,99,Ronald,Gregory,hardintracey@example.net,"08715 Dawn Port Christianmouth, MT 47445",1973-05-17
2022-06-24 18:53:24.411069,100,Christopher,Strickland,normanrichard@example.net,"17583 White Loaf Odommouth, NH 87246",1964-06-09
2022-06-24 18:53:24.411075,101,Chelsea,Mendez,dean23@example.org,"7577 Martinez Viaduct Apt. 790 Kanechester, NY 12374",1997-01-25
2022-06-24 18:53:24.411081,102,Donna,Villarreal,josephrichard@example.com,"096 Lisa Park Suite 783 Lake Amyshire, MT 91104",1986-07-23
2022-06-24 18:53:24.411087,103,Sarah,Terry,sarahpowell@example.net,"2515 Velasquez Garden West Ian, IL 84488",1980-10-31
2022-06-24 18:53:24.411093,104,Jennifer,Robertson,kaylawhite@example.com,"479 Hannah Forges North Briana, VT 07316",1986-04-02
2022-06-24 18:53:24.411099,105,Amy,Hunter,riveraabigail@example.com,"7773 Tanner Stream Apt. 010 South Ginamouth, HI 90915",1963-08-15
2022-06-24 18:53:24.411106,106,Stephanie,Cardenas,james82@example.net,"7783 Alex Summit Davidfort, WA 35926",1978-01-20
2022-06-24 18:53:24.411111,107,Peter,Sims,donna22@example.org,"066 Moreno Road Apt. 014 Hartmanhaven, TN 19120",1979-12-09
2022-06-24 18:53:24.411117,108,Robert,Smith,kleinjeff@example.com,"34960 Matthew Forks Garciaview, GA 71430",1964-01-08
2022-06-24 18:53:24.411123,109,Brian,Garcia,deborah94@example.net,"0686 Courtney Ridge New John, DC 95759",1963-05-19
2022-06-24 18:53:24.411129,110,Ronald,Obrien,lisagonzalez@example.org,"386 Murphy Prairie Suite 075 Howardmouth, AR 34491",1964-01-21
2022-06-24 18:53:24.411135,111,Sheila,George,calvinellison@example.org,"0429 Black Stravenue Suite 444 Matthewsmouth, CA 41309",1993-07-10
2022-06-24 18:53:24.411141,112,Wendy,Hudson,michael19@example.com,"709 Joseph Hill South Melissa, MI 29061",1966-02-15
2022-06-24 18:53:24.411147,113,Ryan,Lane,robertfreeman@example.com,"2113 Kimberly Skyway Suite 812 South John, SC 11015",1973-04-10
2022-06-24 18:53:24.411153,114,Michael,Smith,kellybowman@example.net,"66860 William Stravenue Apt. 661 Michaelhaven, SD 79716",1983-11-08
2022-06-24 18:53:24.411160,115,Kimberly,Hurley,ricky47@example.net,USS Ross FPO AP 36154,1991-12-31
2022-06-24 18:53:24.411164,116,Robert,Macdonald,tiffanycharles@example.org,"7137 Joseph Loop Apt. 783 Sheltonstad, OH 39615",1978-10-25
2022-06-24 18:53:24.411171,117,Angela,Williams,cgarcia@example.net,"86856 Marissa Plain Suite 188 West Ronaldtown, SC 33697",2001-12-02
2022-06-24 18:53:24.411177,118,Thomas,Alvarado,ashleygreen@example.net,"833 Dalton Square Apt. 828 Matthewmouth, PA 02904",2002-05-29
2022-06-24 18:53:24.411183,119,Natalie,Garcia,beverly97@example.net,"6330 Shannon Divide Rosetown, HI 39854",1997-10-13
2022-06-24 18:53:24.411189,120,Kelly,Lyons,austin34@example.net,"03704 Brandi Walk Suite 286 Lake Justin, WA 32498",1974-02-20
2022-06-24 18:53:24.411195,121,Anthony,Carroll,alexiswilliams@example.com,"536 Padilla Villages Leetown, UT 22952",1991-10-03
2022-06-24 18:53:24.411201,122,William,House,uhenderson@example.com,"41435 Thompson Roads Morrishaven, KS 29957",1981-12-22
2022-06-24 18:53:24.411207,123,Samantha,Mejia,robert66@example.com,"038 Tara Rue Christophermouth, NM 71832",1970-04-21
2022-06-24 18:53:24.411212,124,Jerry,Stafford,nathanhenderson@example.org,"46266 Jill Field Schneiderland, VA 99134",1999-12-10
2022-06-24 18:53:24.411219,125,Heather,Williams,mark93@example.com,Unit 5289 Box 1647 DPO AE 08437,1997-09-27
2022-06-24 18:53:24.411223,126,Elizabeth,Miller,kevin95@example.net,"692 Jasmine Plains Suite 679 West Clintonhaven, KY 39211",1975-09-08
2022-06-24 18:53:24.411230,127,Leslie,Medina,lisaward@example.net,"71212 Peggy Stream South Thomas, AL 06574",1987-01-12
2022-06-24 18:53:24.411238,128,Terrence,Hampton,stewartcharlene@example.com,"PSC 7664, Box 8811 APO AA 97959",1988-09-17
2022-06-24 18:53:24.411244,129,Joel,Garrett,foxwilliam@example.org,"7170 Brown Glens Wongbury, KY 65274",1997-01-03
2022-06-24 18:53:24.411250,130,Jeremy,Stevenson,kristen00@example.net,"22555 Fisher Fall Suite 796 Lake Renee, NY 53794",2004-08-09
2022-06-24 18:53:24.411256,131,Kari,Collins,cynthia48@example.net,"8096 Jasmine Cliff Suite 895 Jasmineshire, AR 12491",1996-07-29
2022-06-24 18:53:24.411262,132,Beth,Johns,yvonnewilson@example.net,"189 Garcia Courts Suite 235 Jennyton, NJ 77292",1981-01-26
2022-06-24 18:53:24.411268,133,Patrick,Kirby,christopher35@example.com,"81703 Solis Dale Apt. 136 Bradshawchester, IN 83953",1976-02-11
2022-06-24 18:53:24.411274,134,Shawn,Munoz,cherylerickson@example.org,"796 Walters Key New Charlesshire, VA 68422",1966-06-11
2022-06-24 18:53:24.411280,135,Miguel,Wright,michael98@example.com,"64617 Murphy Route Heathview, PA 83788",1978-01-06
2022-06-24 18:53:24.411286,136,Andrea,Herrera,daniel65@example.net,"376 Franklin Light South Danielle, IN 98555",1982-09-24
2022-06-24 18:53:24.411292,137,Michael,Cameron,stevenandrews@example.net,"2512 Villa Groves Suite 969 Lake John, IA 61314",1966-07-13
2022-06-24 18:53:24.411298,138,Robert,Coleman,aliciamiller@example.net,"351 Natalie Lakes Bondton, DC 68669",1989-08-16
2022-06-24 18:53:24.411304,139,Jessica,Hughes,laurenadams@example.com,"5764 James Expressway Suite 324 West John, OK 88097",1996-03-24
2022-06-24 18:53:24.411310,140,Angela,Gonzales,olsonemily@example.org,"3125 Rebecca Spurs Madelinestad, VA 90350",2005-12-19
2022-06-24 18:53:24.411316,141,Katherine,Murphy,buchananbenjamin@example.com,"087 White Mountains Apt. 074 Calvinmouth, OH 47391",1971-01-28
2022-06-24 18:53:24.411323,142,Anne,Wilson,taylorholmes@example.com,"610 Dorsey Mall Port Kimberly, ME 17858",1998-04-23
2022-06-24 18:53:24.411328,143,Bradley,Noble,richardhale@example.org,"7128 Sims Spring Wendytown, ME 29907",1972-11-18
2022-06-24 18:53:24.411334,144,Tricia,Lopez,collinfrazier@example.net,"98576 Green Summit East Renee, IL 51675",1964-07-08
2022-06-24 18:53:24.411340,145,Denise,Lee,steinmatthew@example.com,"33841 Samantha Landing New Joshua, WV 07665",1967-06-29
2022-06-24 18:53:24.411346,146,Julie,Williams,smithchristine@example.org,"6766 Jessica Orchard Greeneport, NH 61102",1983-03-10
2022-06-24 18:53:24.411352,147,Thomas,King,brittney72@example.net,USCGC Bowers FPO AA 65105,1965-06-06
2022-06-24 18:53:24.411357,148,John,Jones,jason25@example.org,"524 Ashley Lake Apt. 048 South April, ND 48600",1969-07-28
2022-06-24 18:53:24.411363,149,Timothy,Cook,stevenestrada@example.com,USS Blanchard FPO AA 05504,1978-11-24
2022-06-24 18:53:24.411367,150,Thomas,Oconnor,derrick94@example.org,"973 Long Fort Apt. 262 North Joannaside, NC 23122",2000-10-28
2022-06-24 18:53:24.411373,151,Robin,Burgess,cummingschristopher@example.org,"PSC 2516, Box 7242 APO AE 23514",1991-04-21
2022-06-24 18:53:24.411379,152,Amanda,Rodriguez,brittney01@example.net,"8871 Burke Ramp Apt. 236 West Tiffanyburgh, FL 87264",1963-07-17
2022-06-24 18:53:24.411386,153,Connie,Thompson,melissa19@example.com,USNV Duran FPO AP 41285,2005-04-23
2022-06-24 18:53:24.411390,154,Anthony,Murphy,emily99@example.com,"30873 Catherine Knoll South James, VA 72045",1970-04-08
2022-06-24 18:53:24.411396,155,Brooke,Henderson,bpowell@example.net,"821 Lucas Lights Suite 404 West Jaimeport, SD 87800",1978-06-22
2022-06-24 18:53:24.411402,156,Heather,Ford,lauren53@example.com,"8256 Johnson Drive Suite 979 West Ericland, MD 47685",1979-06-09
2022-06-24 18:53:24.411408,157,Molly,Brown,devinmartin@example.org,"7162 Shaw Route South Gabriela, MS 78539",1979-02-11
2022-06-24 18:53:24.411414,158,Jessica,Daniel,amiller@example.org,"97696 Stanley Forge Apt. 638 New Scottville, AK 29120",1977-03-15
2022-06-24 18:53:24.411420,159,Joanne,Reyes,melissa62@example.org,"PSC 6683, Box 4919 APO AP 06054",1972-04-22
2022-06-24 18:53:24.411426,160,Julie,Stewart,javier41@example.com,"290 Hale Road Apt. 974 Travisville, ME 63700",1968-09-14
2022-06-24 18:53:24.411432,161,Molly,Lee,wmorales@example.net,"45835 Zuniga Viaduct Port Rachel, FL 86789",2000-09-23
2022-06-24 18:53:24.411438,162,Jessica,Freeman,latoyadixon@example.org,"29105 James Corner Port Brandon, NV 45616",1996-04-09
2022-06-24 18:53:24.411444,163,Ashley,Richardson,catherinemoon@example.org,"087 Keith Ranch Briantown, MN 75679",1976-08-06
2022-06-24 18:53:24.411449,164,John,Golden,kristenhoffman@example.org,"7296 Willis Squares Jamesmouth, NJ 43929",1964-09-14
2022-06-24 18:53:24.411455,165,Jennifer,Li,colemankimberly@example.net,"6257 Luis Station Apt. 516 Henryfort, NY 72815",1985-01-22
2022-06-24 18:53:24.411462,166,Debra,Grant,hwalker@example.net,"66811 Victoria Lake Suite 948 South Jennifertown, OK 00540",2004-03-30
2022-06-24 18:53:24.411468,167,Ryan,Wood,christy27@example.net,"337 Tracy Falls Suite 968 Parkermouth, NV 05272",1966-01-14
2022-06-24 18:53:24.411474,168,Kim,Lewis,pallison@example.net,"42502 Manuel Locks East Kathryn, WA 06703",1975-11-06
2022-06-24 18:53:24.411480,169,John,Castillo,tjones@example.org,"926 Smith Viaduct Stacymouth, MS 65922",1971-08-09
2022-06-24 18:53:24.411486,170,Taylor,Johnson,philip16@example.net,"PSC 4856, Box 1960 APO AA 18331",1987-01-29
2022-06-24 18:53:24.411491,171,Robert,Gregory,zhenry@example.org,"8615 Robert Mews Apt. 353 Dixonmouth, OH 75835",1994-12-16
2022-06-24 18:53:24.411498,172,Phillip,Levy,rsexton@example.com,"830 Parker Tunnel Mooreshire, NY 74663",2001-05-04
2022-06-24 18:53:24.411503,173,David,Henderson,michealvance@example.net,"541 Debbie Mount Bradstad, NM 08173",1990-08-11
2022-06-24 18:53:24.411509,174,Phillip,Jenkins,anthonysalinas@example.org,"86517 Davis Lane Lake Alexanderfurt, OR 48408",1987-11-25
2022-06-24 18:53:24.411515,175,Cheyenne,Ochoa,vjohnson@example.com,"3993 Michael Forest West Hollyfort, IA 90653",1989-12-04
2022-06-24 18:53:24.411521,176,Robert,Ross,breanna68@example.com,"661 Levine Key West Nicole, MA 90618",1988-06-26
2022-06-24 18:53:24.411526,177,Cynthia,Smith,mendozalauren@example.net,"53871 Kaitlyn Views Apt. 954 Lake Brianafort, NC 79944",1983-11-28
2022-06-24 18:53:24.411533,178,Mark,Butler,sarah68@example.net,"777 Carrie Vista Suite 229 South Eric, RI 54362",1997-07-12
2022-06-24 18:53:24.411539,179,Lori,Baker,johnsonkevin@example.net,"443 Mary Ridge Suite 194 East Dylan, MN 65993",1995-06-04
2022-06-24 18:53:24.411545,180,Mitchell,Snyder,xvang@example.com,"04266 Cheryl Junction Lake Mandyland, NE 97020",1991-08-09
2022-06-24 18:53:24.411551,181,Kathleen,Ingram,estescharles@example.com,"52130 Costa Vista West Michelle, UT 14648",1983-05-20
2022-06-24 18:53:24.411557,182,Sarah,Jackson,ginacunningham@example.com,"1052 Stevens Loop Apt. 136 East Christopherport, AL 13849",1986-02-20
2022-06-24 18:53:24.411564,183,Melanie,Tucker,katherineramirez@example.net,"46588 Williams Manor Apt. 165 East Tammy, WY 90670",1963-12-14
2022-06-24 18:53:24.411570,184,Joyce,Jones,erin55@example.net,"7966 Stacy Terrace Leslieshire, SC 04813",1991-05-20
2022-06-24 18:53:24.411576,185,John,Brown,dbell@example.org,USNS Gibson FPO AE 82607,1964-08-13
2022-06-24 18:53:24.411580,186,Emily,Bennett,pcombs@example.net,"2894 Christopher Springs Nicholaston, WI 47883",1975-06-19
2022-06-24 18:53:24.411586,187,David,Nguyen,mitchellcindy@example.org,"05949 Dean Freeway North Dawnberg, KS 47436",1997-06-28
2022-06-24 18:53:24.411592,188,Jeffrey,Jackson,dyoung@example.org,"PSC 8949, Box 9193 APO AA 76699",1980-01-25
2022-06-24 18:53:24.411598,189,Bradley,Rodriguez,mgutierrez@example.net,"61987 Brady Ways Jeffreyton, IL 33372",1996-12-28
2022-06-24 18:53:24.411603,190,Linda,Jackson,victoriawilliams@example.org,"27449 Garcia Roads Ericville, WI 29971",1984-04-25
2022-06-24 18:53:24.411609,191,Daniel,Butler,schwartzrachel@example.org,"113 Adams Forks Allenmouth, AZ 43392",1964-10-18
2022-06-24 18:53:24.411615,192,Kelsey,Munoz,psanchez@example.com,"22811 Fisher Hills Suite 451 East David, NV 08006",1993-04-01
2022-06-24 18:53:24.411621,193,Ana,Hunter,smithjeremy@example.net,"464 Mary Brook West Elizabethburgh, TN 04304",1965-06-23
2022-06-24 18:53:24.411627,194,Amy,Richards,richardwalker@example.org,"71887 Cox Crossing Port Savannahchester, WY 26465",1984-01-11
2022-06-24 18:53:24.411633,195,Elizabeth,Russell,gjones@example.com,"702 Torres Lights Apt. 353 Aaronmouth, GA 67118",1985-02-02
2022-06-24 18:53:24.411639,196,Joshua,Grant,bradley96@example.net,"554 Williams Brooks North Stephanie, WV 41252",1988-03-07
2022-06-24 18:53:24.411646,197,Nicole,Mcguire,whill@example.org,"3901 Michelle Loaf Apt. 617 Stevensland, GA 87636",1988-04-01
2022-06-24 18:53:24.411652,198,Jennifer,Noble,yosborne@example.org,"6224 Scott Knoll Apt. 622 Port Sarah, IN 18088",1964-07-14
2022-06-24 18:53:24.411658,199,Nathan,May,patricia25@example.net,Unit 1716 Box 9676 DPO AE 74194,2002-05-17
2022-06-24 18:53:24.411662,200,Jennifer,Robbins,hdaniels@example.net,"7858 Fox Villages Johnstad, SC 36103",1967-12-10
