Op,dmsTimestamp,customer_id,first_name,last_name,email,address,dob
I,2022-06-24 19:01:10.000000,201,Deborah,Roberts,prussell@example.com,"4640 Mcmahon Gardens Apt. 876 Port Michaelville, AR 67125",1983-01-11
I,2022-06-24 19:01:10.000000,202,Valerie,Carter,judy83@example.net,"8046 Moore Station Suite 372 New John, PA 78392",1971-05-01
I,2022-06-24 19:01:10.000000,203,Sarah,Everett,lisahull@example.net,"4529 Miranda Passage Curtisburgh, MS 26980",2002-11-28
I,2022-06-24 19:01:10.000000,204,Ryan,Gonzales,teresabaldwin@example.net,"379 Lori Square Suite 327 Jasonmouth, TX 37639",1988-04-07
I,2022-06-24 19:01:10.000000,205,Kelsey,Wilson,spencereric@example.com,"335 Johnson Mills Suite 469 Port Tinaburgh, MI 06407",1988-12-21
I,2022-06-24 19:01:10.000000,206,Dawn,Lloyd,sean13@example.org,"47028 May Isle Apt. 727 East Carriefort, CO 81191",1975-06-20
I,2022-06-24 19:01:10.000000,207,Shelby,Church,andrewsdonna@example.net,"08674 Olivia Motorway Apt. 295 West Jennifer, ME 50358",1981-12-07
I,2022-06-24 19:01:10.000000,208,Christine,Griffin,weissroger@example.org,"4016 Rodriguez Divide Apt. 229 Basston, MS 89173",1994-12-02
I,2022-06-24 19:01:10.000000,209,Kristina,Williams,davisnicholas@example.net,"62217 April Lights Suite 276 West Patrick, NC 04179",2005-03-15
I,2022-06-24 19:01:10.000000,210,Joanne,Black,thomasdaniel@example.net,"81073 David Stravenue Angelafort, OH 71098",1978-12-30
I,2022-06-24 19:01:10.000000,211,Patricia,Garcia,frogers@example.net,"7687 Brenda Port Suite 854 Montoyaland, TX 46835",1961-11-04
I,2022-06-24 19:01:10.000000,212,Kelly,Anderson,julian06@example.com,"009 Zoe View Apt. 834 Keithville, NV 20559",1975-04-25
I,2022-06-24 19:01:10.000000,213,John,Fitzpatrick,katelynmcgee@example.com,"670 David Dale Apt. 516 Nortonberg, WV 87622",1982-08-25
I,2022-06-24 19:01:10.000000,214,Paula,Mitchell,myersjulie@example.com,"243 Andrea Ports Mikemouth, LA 90769",1962-09-20
I,2022-06-24 19:01:10.000000,215,Donna,Carson,bowmaneric@example.org,"0262 Wright Plains Davidsonbury, VT 43810",2004-02-29
I,2022-06-24 19:01:10.000000,216,David,Smith,kristen75@example.net,"97543 Sanders Crossing Suite 897 Knightfort, AL 46047",1972-02-06
I,2022-06-24 19:01:10.000000,217,Gregory,Perry,johnmontes@example.com,"84945 Armstrong Common Suite 267 Robinchester, SD 75587",1998-09-06
I,2022-06-24 19:01:10.000000,218,Jacqueline,Leach,daniel94@example.org,"886 Shawn Circles Andersonhaven, IA 71427",1993-11-06
I,2022-06-24 19:01:10.000000,219,Alison,Alvarez,kellydavis@example.com,"94769 Sandra Common Apt. 461 Marshallton, NM 33084",1983-11-15
I,2022-06-24 19:01:10.000000,220,Megan,Martinez,igomez@example.net,"43589 Lori Crest West Austin, CA 11667",1975-01-03
I,2022-06-24 19:01:10.000000,221,Randy,Sparks,dbarajas@example.net,"828 Chad Cove Suite 140 Lake Ericbury, TN 78463",1970-10-27
I,2022-06-24 19:01:10.000000,222,Jacqueline,Porter,virginia11@example.org,"550 Cross Track Apt. 686 Dunnton, MI 44536",1978-06-05
I,2022-06-24 19:01:10.000000,223,Jasmine,Lucas,johnsonjustin@example.org,"638 Matthew Haven Apt. 052 Schneidertown, WA 30980",1972-04-03
I,2022-06-24 19:01:10.000000,224,Paul,Sanchez,edgar59@example.com,"02410 White Manors Apt. 409 Derekmouth, OH 83751",1981-04-04
I,2022-06-24 19:01:10.000000,225,Jared,Moore,fwallace@example.com,"PSC 8263, Box 6152 APO AA 11225",1993-11-29
I,2022-06-24 19:01:10.000000,226,Jim,Odonnell,joseph17@example.net,"1020 Hardy Causeway East Scott, NC 84591",2001-11-27
I,2022-06-24 19:01:10.000000,227,Robert,Thompson,reedpriscilla@example.net,"72458 Hannah Course Suite 291 Valentinefurt, OK 73488",2003-09-21
I,2022-06-24 19:01:10.000000,228,Steven,Flowers,mlambert@example.net,"39476 Harrington Gardens Apt. 623 North Sarah, MS 84753",1992-08-20
I,2022-06-24 19:01:10.000000,229,Stephanie,Wright,heather58@example.net,"59850 David Orchard Garciaside, IN 94901",2000-10-10
I,2022-06-24 19:01:10.000000,230,Jacqueline,Jensen,ericalvarado@example.net,"32614 Oneal Manors East Fernandoview, MA 46287",1969-06-24
I,2022-06-24 19:01:10.000000,231,Dana,Vaughan,robleslinda@example.com,"675 Anne Brooks Apt. 376 Smithtown, PA 66488",1970-10-13
I,2022-06-24 19:01:10.000000,232,Paul,Ford,jennifer47@example.net,"5719 Colleen Flat Daniellehaven, PA 64103",1974-12-27
I,2022-06-24 19:01:10.000000,233,Mikayla,Ramirez,david60@example.com,"2704 Frazier Lock New Charlesville, CA 85626",1972-03-17
I,2022-06-24 19:01:10.000000,234,April,Davis,leethomas@example.org,"23977 Wood Meadows Apt. 078 Stevenhaven, VT 47207",1967-07-14
I,2022-06-24 19:01:10.000000,235,Jennifer,White,ethanhutchinson@example.net,"7676 Miller Ranch South James, NJ 93844",1984-01-10
I,2022-06-24 19:01:10.000000,236,Walter,Wilkerson,josephcervantes@example.net,"689 Lynn Park Tanyabury, MD 95732",1983-10-28
I,2022-06-24 19:01:10.000000,237,Oscar,Brown,danapayne@example.com,"30490 Perez Mills Marietown, ND 68910",1980-11-17
I,2022-06-24 19:01:10.000000,238,Steven,Reyes,hartpeter@example.org,"3241 Guzman Groves Bryantberg, CO 56169",1984-03-26
I,2022-06-24 19:01:10.000000,239,Daniel,Garrison,annewilliams@example.org,"807 Barker Forges South April, SC 07822",1976-10-31
I,2022-06-24 19:01:10.000000,240,Sarah,Russo,barrerasherri@example.net,"127 Mark Hills Smithside, ID 11119",1969-08-23
I,2022-06-24 19:01:10.000000,241,Matthew,Garza,mariowhitehead@example.net,"649 Austin Ferry Suite 599 Herrerafurt, LA 10849",1976-01-15
I,2022-06-24 19:01:10.000000,242,Crystal,Powell,wwells@example.net,"3683 Beasley Forest Apt. 133 Grantshire, IA 74590",1971-04-13
I,2022-06-24 19:01:10.000000,243,Lindsay,Lopez,tnelson@example.com,"61903 James Spurs Suite 485 Banksfurt, NJ 92994",1993-10-28
I,2022-06-24 19:01:10.000000,244,Tanya,Davis,loweryelizabeth@example.org,"1641 Simmons Spurs North Juliatown, IA 64316",1985-12-04
I,2022-06-24 19:01:10.000000,245,Zachary,Johnson,shicks@example.org,"61162 Ashley Skyway Suite 739 Turnertown, CO 20813",2004-03-11
I,2022-06-24 19:01:10.000000,246,Angela,Mckay,colinwalker@example.org,"40198 Roberts Stream Suite 989 Erinhaven, ND 39739",1986-05-19
I,2022-06-24 19:01:10.000000,247,Frederick,Hicks,nmerritt@example.org,"960 Pena Avenue Suite 720 East Wendy, NV 36795",1990-06-20
I,2022-06-24 19:01:10.000000,248,Christopher,Harris,douglasernest@example.com,"72391 Kyle Land East Kelseyfurt, MI 75365",1978-05-19
I,2022-06-24 19:01:10.000000,249,Austin,Martin,lauriehuber@example.com,USCGC Mccarty FPO AA 59793,1970-01-28
I,2022-06-24 19:01:10.000000,250,Kathryn,Christian,sandersnicole@example.com,"23260 Jessica Freeway Apt. 822 Briggstown, ID 07983",1999-11-17
I,2022-06-24 19:01:10.000000,251,Bobby,Kennedy,heather24@example.net,USNS Hernandez FPO AE 84210,1994-09-17
I,2022-06-24 19:01:10.000000,252,Rebecca,Barrett,johnsonelizabeth@example.net,USNS Gross FPO AA 98714,2003-10-09
I,2022-06-24 19:01:10.000000,253,Penny,Watson,bethporter@example.org,"1101 Taylor Ford Suite 821 Austinmouth, DE 96180",1992-10-28
I,2022-06-24 19:01:10.000000,254,Sarah,Wood,tara59@example.net,"210 Richard Rapids South Sherri, GA 12921",1997-03-05
I,2022-06-24 19:01:10.000000,255,Amanda,Holt,frobinson@example.com,Unit 0251 Box 7147 DPO AP 99603,1979-09-15
I,2022-06-24 19:01:10.000000,256,Reginald,Johnson,gregthomas@example.net,"4993 James Street Suite 071 Deborahberg, KY 29359",2001-04-07
I,2022-06-24 19:01:10.000000,257,Cynthia,Williams,gwilliams@example.com,"1870 Holmes Shore Apt. 373 Lisafurt, WY 61412",1979-06-15
I,2022-06-24 19:01:10.000000,258,Gary,Davis,rosariorachel@example.org,"018 Joanna Courts West Peter, WV 32881",1962-07-22
I,2022-06-24 19:01:10.000000,259,Walter,Perez,rebecca40@example.net,"457 Martinez Street North Blakebury, KY 71641",2004-08-11
I,2022-06-24 19:01:10.000000,260,Tara,Barnes,matthewlowe@example.com,"70773 Deleon Club Suite 975 Kennethland, NM 20902",2005-08-02
I,2022-06-24 19:01:10.000000,261,Katherine,Anderson,yjames@example.com,"001 Harrison Spring Suite 159 Port Melissa, IN 73115",1998-08-26
I,2022-06-24 19:01:10.000000,262,Danielle,Bowman,michael11@example.com,"04446 Joseph Drives Suite 520 Rebeccamouth, CA 15642",1968-02-20
I,2022-06-24 19:01:10.000000,263,Heather,Edwards,lisa79@example.com,"72290 Jones Key West Rose, NE 40921",1990-06-08
I,2022-06-24 19:01:10.000000,264,Jennifer,Ferguson,rodriguezchristopher@example.com,"154 Stewart Camp Suite 964 Angelicaport, SC 83286",1967-07-28
I,2022-06-24 19:01:10.000000,265,Sarah,Hayes,gail84@example.net,USS King FPO AP 56945,1987-12-12
I,2022-06-24 19:01:10.000000,266,Travis,Gonzales,kthompson@example.com,"223 Johnson Falls Apt. 484 South Jim, ID 93019",1990-09-25
I,2022-06-24 19:01:10.000000,267,Rebecca,Norris,justinsilva@example.net,"868 Johnson Club Lake Stephen, OR 27767",1979-11-24
I,2022-06-24 19:01:10.000000,268,Christopher,Murray,kellygriffith@example.com,"6912 Wagner Wall Apt. 910 Wilkinsfort, ME 38020",1997-05-05
I,2022-06-24 19:01:10.000000,269,Carolyn,Fisher,tammydaugherty@example.org,"PSC 6698, Box 9566 APO AA 31302",1988-11-18
I,2022-06-24 19:01:10.000000,270,James,Nelson,ellisonangela@example.com,"78226 Russell Passage Beanport, NY 52096",1993-01-12
I,2022-06-24 19:01:10.000000,271,Stacy,Johnson,huynhmichael@example.org,"7184 Hicks Squares Apt. 738 East Michael, NH 15420",1984-08-18
I,2022-06-24 19:01:10.000000,272,Michael,Andersen,duranjeremy@example.com,"443 Chris Ville Nicholasstad, UT 41592",1991-09-22
I,2022-06-24 19:01:10.000000,273,Courtney,Gaines,ldavis@example.org,"13530 Steven Plain Suite 732 Coreyhaven, WI 58683",1972-09-26
I,2022-06-24 19:01:10.000000,274,Connie,Bishop,jenniferzimmerman@example.org,"4658 Harrison Camp Brittanytown, TN 15634",2003-10-26
I,2022-06-24 19:01:10.000000,275,Sharon,Castro,icollins@example.net,"6662 Terrell Hill South Samanthabury, MS 71930",1981-04-05
I,2022-06-24 19:01:10.000000,276,James,Evans,cindy67@example.net,"03919 Bradley Plain Apt. 048 Lucerochester, PA 23401",1984-11-13
I,2022-06-24 19:01:10.000000,277,Nathaniel,Rodriguez,daniel58@example.com,"7457 Carl Crossroad South Carolside, WY 37919",1967-01-26
I,2022-06-24 19:01:10.000000,278,Alicia,Adams,bdougherty@example.net,"PSC 8815, Box 0216 APO AE 10823",1991-06-16
I,2022-06-24 19:01:10.000000,279,Melissa,Burns,victoriaparrish@example.org,"37750 Alan Square Apt. 370 Christinafort, MO 03819",2005-02-20
I,2022-06-24 19:01:10.000000,280,Jennifer,Bright,lance65@example.com,"2487 Reyes Green Apt. 079 Knighttown, ME 96655",1985-01-01
I,2022-06-24 19:01:10.000000,281,Jennifer,Pena,danielsstephanie@example.com,"14054 Susan Villages Apt. 921 North Joseph, WY 56511",2006-01-09
I,2022-06-24 19:01:10.000000,282,Erik,Stark,megan52@example.org,"7334 Brianna Circles Apt. 452 North Heather, KS 88848",1966-06-18
I,2022-06-24 19:01:10.000000,283,Adam,Glover,mary82@example.net,"138 Sharon Radial Moodyburgh, WA 49423",1983-07-12
I,2022-06-24 19:01:10.000000,284,John,Walker,chadcannon@example.com,"549 Miller Trail Suite 267 Lake Joseph, NY 93682",1963-07-29
I,2022-06-24 19:01:10.000000,285,Daniel,Rodriguez,elizabeth76@example.com,"872 Ethan Vista Thomasview, DC 95957",2002-07-11
I,2022-06-24 19:01:10.000000,286,Andrew,Norris,watsonchristopher@example.com,"78503 Norris Freeway North Meganport, MT 83775",2003-01-16
I,2022-06-24 19:01:10.000000,287,Melissa,Horn,jharris@example.net,"8644 Watts Square Apt. 793 South Michael, FL 00882",1981-11-24
I,2022-06-24 19:01:10.000000,288,Sarah,Daniels,david82@example.com,"8744 Wheeler Dam Bethanyburgh, UT 80582",1986-06-27
I,2022-06-24 19:01:10.000000,289,Ryan,Stephens,stephennichols@example.org,"46492 Hicks Vista Carolinehaven, CA 97334",1975-10-08
I,2022-06-24 19:01:10.000000,290,Corey,Morgan,hlee@example.net,"8582 Miller Square Apt. 645 Meyerston, WA 92500",1986-08-15
I,2022-06-24 19:01:10.000000,291,Crystal,Sampson,mariaedwards@example.com,"6983 Hall Coves Suite 041 Doughertyburgh, NJ 85580",1966-12-15
I,2022-06-24 19:01:10.000000,292,Robert,Lowe,christie25@example.org,"742 Christopher Wall East Jose, KS 38456",1981-02-06
I,2022-06-24 19:01:10.000000,293,Brent,Rios,alexiswillis@example.net,"054 Joan Road Apt. 126 North Ronaldshire, DC 09529",2001-03-27
I,2022-06-24 19:01:10.000000,294,Kimberly,Anderson,kendrawright@example.net,"4157 Valdez Field Apt. 945 Lake Michaelbury, ME 59469",2003-03-12
I,2022-06-24 19:01:10.000000,295,Geoffrey,King,mmoore@example.net,"79379 Lisa Ways Port Ashley, CT 64297",1987-01-20
I,2022-06-24 19:01:10.000000,296,Kimberly,Valentine,timothyhawkins@example.org,"260 Miller Parkway Apt. 623 Mcdonaldview, NE 04815",1966-05-12
I,2022-06-24 19:01:10.000000,297,Terri,Taylor,zking@example.net,"2457 Mallory Trafficway Suite 103 Julieborough, IN 60982",1977-09-07
I,2022-06-24 19:01:10.000000,298,Tyrone,Taylor,smithkaitlyn@example.com,"6803 Jacqueline Wells Nortonchester, TN 71551",1979-03-04
I,2022-06-24 19:01:10.000000,299,Colleen,Evans,jhill@example.com,"78437 Katelyn Point Apt. 164 Guzmanmouth, IA 75141",1997-01-24
I,2022-06-24 19:01:10.000000,300,Kerri,Salinas,williamsmichelle@example.net,"9399 Hernandez Skyway Simsland, VA 36444",1989-09-21
